{
    "loss": 0.15320682525634766,
    "accuracy": 0.9655172228813171,
    "precision": 0.9655172413793104,
    "recall": 0.9655172413793104,
    "f1": 0.9655172413793104
}