{
    "loss": 0.2583335340023041,
    "accuracy": 0.9051724076271057
}