{
    "loss": 0.31770503520965576,
    "accuracy": 0.8879310488700867
}